{
    "headerTopLinks": [
        {
            "href": "https://iota.org",
            "text": "iota.org"
        },
        {
            "href": "https://blog.iota.org/",
            "text": "news"
        },
        {
            "href": "https://trinity.iota.org/",
            "text": "wallet"
        },
        {
            "href": "https://qubic.iota.org/",
            "text": "qubic"
        },
        {
            "href": "https://ecosystem.iota.org/",
            "text": "ecosystem"
        }
    ],
    "footerSections": [
        {
            "heading": "IOTA IPFS",
            "links": [
                {
                    "href": "/",
                    "text": "Upload File"
                },
                {
                    "href": "/retrieve",
                    "text": "Retrieve File"
                },
                {
                    "href": "https://docs.iota.org/docs/blueprints/0.1/tangle-data-storage/overview",
                    "text": "Blueprint"
                },
                {
                    "href": "https://github.com/iotaledger/poc-ipfs",
                    "text": "GitHub"
                }
            ]
        },
        {
            "heading": "The Foundation",
            "links": [
                {
                    "href": "https://www.iota.org/the-foundation/our-vision",
                    "text": "Our Vision"
                },
                {
                    "href": "https://www.iota.org/the-foundation/the-iota-foundation",
                    "text": "The IOTA Foundation"
                },
                {
                    "href": "https://www.iota.org/the-foundation/team",
                    "text": "Meet the Team"
                },
                {
                    "href": "https://www.iota.org/the-foundation/work-at-the-iota-foundation",
                    "text": "Work at the IOTA Foundation"
                }
            ]
        },
        {
            "heading": "Verticals",
            "links": [
                {
                    "href": "https://www.iota.org/verticals/mobility-automotive",
                    "text": "Mobility and Automotive"
                },
                {
                    "href": "https://www.iota.org/verticals/global-trade-supply-chains",
                    "text": "Global Trade & Supply Chains"
                },
                {
                    "href": "https://www.iota.org/verticals/industrial-iot",
                    "text": "Industrial IoT"
                },
                {
                    "href": "https://www.iota.org/verticals/ehealth",
                    "text": "eHealth"
                },
                {
                    "href": "https://www.iota.org/verticals/smart-energy",
                    "text": "Smart Energy"
                }
            ]
        },
        {
            "heading": "Research",
            "links": [
                {
                    "href": "https://www.iota.org/research/meet-the-tangle",
                    "text": "Meet the Tangle"
                },
                {
                    "href": "https://www.iota.org/research/academic-papers",
                    "text": "Academic Papers"
                },
                {
                    "href": "https://www.iota.org/research/roadmap",
                    "text": "Research & Development Roadmap"
                }
            ]
        }
    ],
    "footerStaticContent": {
        "address": [
            "IOTA Foundation",
            "c/o Nextland",
            "Strassburgerstraße 55",
            "10405 Berlin",
            "Germany"
        ],
        "legal": [
            "&copy; 2019 IOTA Foundation - <a href='https://www.iota.org/research/privacy-policy'>Privacy Policy</a>",
            "Email: <a href='mailto:contact@iota.org'>contact@iota.org</a>",
            "Board of Directors: Dominik Schiener, David Sønstebø, Serguei Popov",
            "ID/Company No.: 3416/1234/2",
            "EU public ID number in the EU Transparency Register: 500027331119-04"
        ],
        "copyright": [
            "<a href='https://www.iota.org/research/privacy-policy'>Privacy Policy</a>",
            "&copy; 2019 IOTA Foundation"
        ]
    }
}